removal_reason,removed_file,matched_clean_file,class
out-of-focus,IMG_2113.JPG,none,Disease Free leaves
duplicate,h (1).JPG,Healthy_4.jpg,Disease Free leaves
duplicate,h (10).JPG,Healthy_8.jpg,Disease Free leaves
duplicate,h (11).JPG,Healthy_9.jpg,Disease Free leaves
duplicate,h (12).JPG,Healthy_10.jpg,Disease Free leaves
duplicate,h (13).JPG,Healthy_11.jpg,Disease Free leaves
duplicate,h (14).JPG,Healthy_13.jpg,Disease Free leaves
duplicate,h (16).JPG,Healthy_14.jpg,Disease Free leaves
duplicate,h (2).JPG,Healthy_15.jpg,Disease Free leaves
duplicate,h (3).JPG,Healthy_17.jpg,Disease Free leaves
duplicate,h (4).JPG,Healthy_20.jpg,Disease Free leaves
duplicate,h (5).JPG,Healthy_2.jpg,Disease Free leaves
duplicate,h (6).JPG,Healthy_3.jpg,Disease Free leaves
duplicate,h (7).JPG,Healthy_5.jpg,Disease Free leaves
duplicate,h (9).JPG,Healthy_7.jpg,Disease Free leaves
duplicate,h.JPG,Healthy_1.jpg,Disease Free leaves
duplicate,Healthy_18.jpg,IMG_0804.JPG,Disease Free leaves
Near-duplicate,h (15).JPG,h (16).JPG,Disease Free leaves
Near-duplicate,Healthy_12.jpg,Healthy_14.jpg,Disease Free leaves
Near-duplicate,IMG_1646.JPG,IMG_1647.JPG,Disease Free leaves
Near-duplicate,IMG_1658.JPG,IMG_1659.JPG,Disease Free leaves
Near-duplicate,IMG_1708.JPG,IMG_1718.JPG,Disease Free leaves
Near-duplicate,IMG_1715.JPG,IMG_1718.JPG,Disease Free leaves
Near-duplicate,IMG_1719.JPG,IMG_1723.JPG,Disease Free leaves
Near-duplicate,IMG_1721.JPG,IMG_1723.JPG,Disease Free leaves
Near-duplicate,IMG_1723.JPG,IMG_1724.JPG,Disease Free leaves
Near-duplicate,IMG_1750.JPG,IMG_1751.JPG,Disease Free leaves
Near-duplicate,IMG_1793.JPG,IMG_1794.JPG,Disease Free leaves
Near-duplicate,IMG_1941.JPG,IMG_1943.JPG,Disease Free leaves
Near-duplicate,IMG_1946.JPG,IMG_1947.JPG,Disease Free leaves
Near-duplicate,IMG_1950.JPG,IMG_1951.JPG,Disease Free leaves
Near-duplicate,IMG_1957.JPG,IMG_1958.JPG,Disease Free leaves
Near-duplicate,IMG_1993.JPG,IMG_1994.JPG,Disease Free leaves
Near-duplicate,IMG_2032.JPG,IMG_2033.JPG,Disease Free leaves
Near-duplicate,IMG_2046.JPG,IMG_2047.JPG,Disease Free leaves
Near-duplicate,IMG_2129.JPG,IMG_2131.JPG,Disease Free leaves
Near-duplicate,IMG_1229.JPG,IMG_1230.JPG,Leaf Rust
Near-duplicate,IMG_1234.JPG,IMG_1236.JPG,Leaf Rust
Near-duplicate,IMG_1286.JPG,IMG_1287.JPG,Leaf Rust
Near-duplicate,IMG_1290.JPG,IMG_1291.JPG,Leaf Rust
Near-duplicate,IMG_1303.JPG,IMG_1304.JPG,Leaf Rust
Near-duplicate,IMG_1305.JPG,IMG_1306.JPG,Leaf Rust
Near-duplicate,IMG_1316.JPG,IMG_1317.JPG,Leaf Rust
Near-duplicate,IMG_1318.JPG,IMG_1319.JPG,Leaf Rust
Near-duplicate,IMG_1327.JPG,IMG_1328.JPG,Leaf Rust
Near-duplicate,IMG_1341.JPG,IMG_1342.JPG,Leaf Rust
Near-duplicate,IMG_1355.JPG,IMG_1356.JPG,Leaf Rust
Near-duplicate,IMG_1365.JPG,IMG_1366.JPG,Leaf Rust
Near-duplicate,IMG_1383.JPG,IMG_1384.JPG,Leaf Rust
Near-duplicate,IMG_1394.JPG,IMG_1395.JPG,Leaf Rust
Near-duplicate,IMG_1415.JPG,IMG_1416.JPG,Leaf Rust
Near-duplicate,IMG_1420.JPG,IMG_1421.JPG,Leaf Rust
Near-duplicate,IMG_1430.JPG,IMG_1431.JPG,Leaf Rust
Near-duplicate,IMG_1443.JPG,IMG_1444.JPG,Leaf Rust
Near-duplicate,IMG_1456.JPG,IMG_1457.JPG,Leaf Rust
Near-duplicate,IMG_1460.JPG,IMG_1462.JPG,Leaf Rust
Near-duplicate,IMG_1461.JPG,IMG_1462.JPG,Leaf Rust
Near-duplicate,IMG_1469.JPG,IMG_1470.JPG,Leaf Rust
Near-duplicate,IMG_1474.JPG,IMG_1476.JPG,Leaf Rust
Near-duplicate,IMG_1475.JPG,IMG_1476.JPG,Leaf Rust
Near-duplicate,IMG_1501.JPG,IMG_1502.JPG,Leaf Rust
Near-duplicate,IMG_1548.JPG,IMG_1549.JPG,Leaf Rust
Near-duplicate,IMG_1594.JPG,IMG_1595.JPG,Leaf Rust
Near-duplicate,IMG_1627.JPG,IMG_1628.JPG,Leaf Rust
Near-duplicate,IMG_1629.JPG,IMG_1630.JPG,Leaf Rust
Near-duplicate,IMG_1634.JPG,IMG_1635.JPG,Leaf Rust
Near-duplicate,IMG_20221216_122742.jpg,IMG_20221216_122744.jpg,Leaf Rust
Near-duplicate,IMG_20221216_131802.jpg,IMG_20221216_131806.jpg,Leaf Rust
Near-duplicate,IMG_20221216_132048.jpg,IMG_20221216_132116.jpg,Leaf Rust
Near-duplicate,IMG_20221216_145340.jpg,IMG_20221216_145344.jpg,Leaf Rust
Near-duplicate,IMG_20221216_145422.jpg,IMG_20221216_145428.jpg,Leaf Rust
Near-duplicate,IMG_20221216_151902.jpg,IMG_20221216_151936.jpg,Leaf Rust
Near-duplicate,IMG_20221216_152024.jpg,IMG_20221216_152028.jpg,Leaf Rust
Near-duplicate,IMG_20221216_153118.jpg,IMG_20221216_153121.jpg,Leaf Rust
Near-duplicate,IMG_20221216_153320.jpg,IMG_20221216_153324.jpg,Leaf Rust
Near-duplicate,IMG_20221216_153512.jpg,IMG_20221216_153517.jpg,Leaf Rust
Near-duplicate,IMG_20221216_153857.jpg,IMG_20221216_153914.jpg,Leaf Rust
Near-duplicate,IMG_0765.JPG,IMG_0766.JPG,Leaf spot
Near-duplicate,IMG_0777.JPG,IMG_0778.JPG,Leaf spot
Near-duplicate,IMG_0791.JPG,IMG_0792.JPG,Leaf spot
Near-duplicate,IMG_20221216_141831.jpg,IMG_20221216_141840.jpg,Leaf spot
Near-duplicate,s (16).JPG,s (17).JPG,Leaf spot
Near-duplicate,s (18).JPG,s (19).JPG,Leaf spot
Near-duplicate,s (39).JPG,s (40).JPG,Leaf spot
Near-duplicate,s (51).JPG,s (52).JPG,Leaf spot
Near-duplicate,s (53).JPG,s (54).JPG,Leaf spot
Near-duplicate,s (60).JPG,s (61).JPG,Leaf spot
